{
  "project_info": {
    "project_number": "1042185435137",
    "project_id": "indiancricketteam-df320",
    "storage_bucket": "indiancricketteam-df320.appspot.com"
  },
  "client": [
    {
      "client_info": {
        "mobilesdk_app_id": "1:1042185435137:android:59da7e0c94a6ccdf886800",
        "android_client_info": {
          "package_name": "in.visiontech.indiancricketteam"
        }
      },
      "oauth_client": [
        {
          "client_id": "1042185435137-95ldsppemlp3qrqrlks8osni9hqsdttg.apps.googleusercontent.com",
          "client_type": 3
        }
      ],
      "api_key": [
        {
          "current_key": "AIzaSyB9jScMC6QaQ9ZImVxl55V9X7oWhuD6SOE"
        }
      ],
      "services": {
        "appinvite_service": {
          "other_platform_oauth_client": [
            {
              "client_id": "1042185435137-95ldsppemlp3qrqrlks8osni9hqsdttg.apps.googleusercontent.com",
              "client_type": 3
            }
          ]
        }
      }
    }
  ],
  "configuration_version": "1"
}